Timestamp,MMSI,Latitude,Longitude,Navigational status,SOG,COG,Heading
2024-11-29 18:00:05,219244000,55.844635,7.782317,Under way using engine,11.0,169.9,168.0
2024-11-29 18:00:05,219244000,55.844635,7.782317,Under way using engine,11.0,169.9,168.0
2024-11-29 18:00:12,219244000,55.844283,7.782422,Under way using engine,11.1,169.9,168.0
2024-11-29 18:00:13,219244000,55.844233,7.782432,Under way using engine,11.1,169.0,168.0
2024-11-29 18:00:19,219244000,55.843932,7.782533,Under way using engine,11.2,168.1,168.0
2024-11-29 18:00:22,219244000,55.84378,7.782568,Under way using engine,11.1,171.5,167.0
2024-11-29 18:00:29,219244000,55.843425,7.782683,Under way using engine,11.2,172.2,168.0
2024-11-29 18:00:29,219244000,55.843425,7.782683,Under way using engine,11.2,172.2,168.0
2024-11-29 18:00:29,219244000,55.843425,7.782683,Under way using engine,11.2,172.2,168.0
2024-11-29 18:00:40,219244000,55.842873,7.782837,Under way using engine,11.0,171.4,170.0
2024-11-29 18:00:40,219244000,55.842873,7.782837,Under way using engine,11.0,171.4,170.0
2024-11-29 18:00:42,219244000,55.842775,7.782877,Under way using engine,11.2,172.4,170.0
2024-11-29 18:00:42,219244000,55.842775,7.782877,Under way using engine,11.2,172.4,170.0
2024-11-29 18:00:47,219244000,55.842517,7.782927,Under way using engine,11.2,173.6,170.0
2024-11-29 18:00:48,219244000,55.842467,7.782953,Under way using engine,11.1,172.5,169.0
2024-11-29 18:00:48,219244000,55.842467,7.782953,Under way using engine,11.1,172.5,169.0
2024-11-29 18:00:49,219244000,55.842417,7.782978,Under way using engine,11.1,170.4,170.0
2024-11-29 18:00:52,219244000,55.842267,7.783005,Under way using engine,11.1,172.0,170.0
2024-11-29 18:00:52,219244000,55.842267,7.783005,Under way using engine,11.1,172.0,170.0
2024-11-29 18:00:53,219244000,55.842218,7.783017,Under way using engine,11.1,173.0,170.0
2024-11-29 18:00:53,219244000,55.842218,7.783017,Under way using engine,11.1,173.0,170.0
2024-11-29 18:00:58,219244000,55.841965,7.783087,Under way using engine,11.1,171.7,170.0
2024-11-29 18:00:58,219244000,55.841965,7.783087,Under way using engine,11.1,171.7,170.0
2024-11-29 18:00:59,219244000,55.841913,7.783098,Under way using engine,11.1,172.4,170.0
2024-11-29 18:00:59,219244000,55.841913,7.783098,Under way using engine,11.1,172.4,170.0
2024-11-29 18:01:01,219244000,55.841812,7.783132,Under way using engine,11.2,172.1,171.0
2024-11-29 18:01:02,219244000,55.841763,7.783145,Under way using engine,11.2,171.8,170.0
2024-11-29 18:01:05,219244000,55.84161,7.783175,Under way using engine,11.2,172.6,170.0
2024-11-29 18:01:07,219244000,55.841505,7.783207,Under way using engine,11.3,172.8,169.0
2024-11-29 18:01:07,219244000,55.841505,7.783207,Under way using engine,11.3,172.8,169.0
2024-11-29 18:01:10,219244000,55.841348,7.783245,Under way using engine,11.3,170.4,170.0
2024-11-29 18:01:12,219244000,55.841243,7.78326,Under way using engine,11.3,173.7,170.0
2024-11-29 18:01:12,219244000,55.841243,7.78326,Under way using engine,11.3,173.7,170.0
2024-11-29 18:01:22,219244000,55.840733,7.783403,Under way using engine,11.2,171.4,171.0
2024-11-29 18:01:24,219244000,55.84063,7.783415,Under way using engine,11.3,172.0,171.0
2024-11-29 18:01:24,219244000,55.84063,7.783415,Under way using engine,11.3,172.0,171.0
2024-11-29 18:01:33,219244000,55.840163,7.783523,Under way using engine,11.5,173.1,171.0
2024-11-29 18:01:33,219244000,55.840163,7.783523,Under way using engine,11.5,173.1,171.0
2024-11-29 18:01:36,219244000,55.840003,7.783572,Under way using engine,11.4,172.2,170.0
2024-11-29 18:01:36,219244000,55.840003,7.783572,Under way using engine,11.4,172.2,170.0
2024-11-29 18:01:43,219244000,55.839635,7.783667,Under way using engine,11.4,170.8,169.0
2024-11-29 18:01:43,219244000,55.839635,7.783667,Under way using engine,11.4,170.8,169.0
2024-11-29 18:01:43,219244000,55.839635,7.783667,Under way using engine,11.4,170.8,169.0
2024-11-29 18:01:49,219244000,55.839375,7.783725,Under way using engine,11.4,170.7,169.0
2024-11-29 18:01:49,219244000,55.839375,7.783725,Under way using engine,11.4,170.7,169.0
2024-11-29 18:01:50,219244000,55.839322,7.783745,Under way using engine,11.4,169.5,169.0
2024-11-29 18:01:54,219244000,55.839057,7.783803,Under way using engine,11.4,172.7,168.0
2024-11-29 18:01:54,219244000,55.839057,7.783803,Under way using engine,11.4,172.7,168.0
2024-11-29 18:01:57,219244000,55.838897,7.783853,Under way using engine,11.4,169.6,169.0
2024-11-29 18:01:57,219244000,55.838897,7.783853,Under way using engine,11.4,169.6,169.0
2024-11-29 18:02:00,219244000,55.838738,7.783893,Under way using engine,11.4,171.4,168.0
2024-11-29 18:02:00,219244000,55.838738,7.783893,Under way using engine,11.4,171.4,168.0
2024-11-29 18:02:03,219244000,55.838585,7.783953,Under way using engine,11.5,169.7,168.0
2024-11-29 18:02:09,219244000,55.838277,7.784047,Under way using engine,11.4,170.9,168.0
2024-11-29 18:02:09,219244000,55.838277,7.784047,Under way using engine,11.4,170.9,168.0
2024-11-29 18:02:09,219244000,55.838277,7.784047,Under way using engine,11.4,170.2,168.0
2024-11-29 18:02:13,219244000,55.838072,7.784097,Under way using engine,11.4,171.9,169.0
2024-11-29 18:02:14,219244000,55.838072,7.784097,Under way using engine,11.4,171.9,169.0
2024-11-29 18:02:15,219244000,55.837968,7.784118,Under way using engine,11.3,172.5,169.0
2024-11-29 18:02:15,219244000,55.837968,7.784118,Under way using engine,11.3,172.5,169.0
2024-11-29 18:02:17,219244000,55.837865,7.784165,Under way using engine,11.4,170.8,170.0
2024-11-29 18:02:17,219244000,55.837865,7.784165,Under way using engine,11.4,170.8,170.0
2024-11-29 18:02:22,219244000,55.837602,7.784217,Under way using engine,11.5,172.2,170.0
2024-11-29 18:02:22,219244000,55.837602,7.784217,Under way using engine,11.5,172.2,170.0
2024-11-29 18:02:32,219244000,55.837073,7.784357,Under way using engine,11.5,170.1,170.0
2024-11-29 18:02:33,219244000,55.837022,7.784355,Under way using engine,11.4,172.7,170.0
2024-11-29 18:02:33,219244000,55.837022,7.784355,Under way using engine,11.4,172.7,170.0
2024-11-29 18:02:37,219244000,55.836818,7.784443,Under way using engine,11.5,169.5,170.0
2024-11-29 18:02:39,219244000,55.836715,7.784447,Under way using engine,11.3,172.2,170.0
2024-11-29 18:02:39,219244000,55.836715,7.784447,Under way using engine,11.3,172.2,170.0
2024-11-29 18:02:43,219244000,55.836508,7.784518,Under way using engine,11.3,171.3,171.0
2024-11-29 18:02:43,219244000,55.836508,7.784518,Under way using engine,11.3,171.3,171.0
2024-11-29 18:02:47,219244000,55.836302,7.784547,Under way using engine,11.4,174.2,169.0
2024-11-29 18:02:47,219244000,55.836302,7.784547,Under way using engine,11.4,174.2,169.0
2024-11-29 18:02:51,219244000,55.836095,7.784615,Under way using engine,11.4,169.4,170.0
2024-11-29 18:02:51,219244000,55.836095,7.784615,Under way using engine,11.4,169.4,170.0
2024-11-29 18:02:54,219244000,55.835938,7.784638,Under way using engine,11.4,175.2,169.0
2024-11-29 18:02:54,219244000,55.835938,7.784638,Under way using engine,11.4,175.2,169.0
2024-11-29 18:02:56,219244000,55.835832,7.78469,Under way using engine,11.6,171.3,169.0
2024-11-29 18:02:56,219244000,55.835832,7.78469,Under way using engine,11.6,171.3,169.0
2024-11-29 18:02:59,219244000,55.83568,7.784725,Under way using engine,11.4,171.0,169.0
2024-11-29 18:02:59,219244000,55.83568,7.784725,Under way using engine,11.4,171.0,169.0
2024-11-29 18:03:03,219244000,55.835473,7.784792,Under way using engine,11.2,171.3,169.0
2024-11-29 18:03:03,219244000,55.835473,7.784792,Under way using engine,11.2,171.3,169.0
2024-11-29 18:03:06,219244000,55.835312,7.784808,Under way using engine,11.4,172.0,170.0
2024-11-29 18:03:10,219244000,55.835163,7.784868,Under way using engine,11.4,169.8,169.0
2024-11-29 18:03:10,219244000,55.835163,7.784868,Under way using engine,11.4,169.8,169.0
2024-11-29 18:03:12,219244000,55.835005,7.784885,Under way using engine,11.3,170.6,170.0
2024-11-29 18:03:12,219244000,55.835005,7.784885,Under way using engine,11.3,170.6,170.0
2024-11-29 18:03:21,219244000,55.834543,7.78502,Under way using engine,11.3,172.9,170.0
2024-11-29 18:03:21,219244000,55.834543,7.78502,Under way using engine,11.3,172.9,170.0
2024-11-29 18:03:21,219244000,55.834543,7.78502,Under way using engine,11.2,172.4,170.0
2024-11-29 18:03:32,219244000,55.833983,7.785157,Under way using engine,11.2,171.9,170.0
2024-11-29 18:03:33,219244000,55.833933,7.785165,Under way using engine,11.3,171.8,170.0
2024-11-29 18:03:33,219244000,55.833933,7.785165,Under way using engine,11.3,171.8,170.0
2024-11-29 18:03:42,219244000,55.833467,7.785283,Under way using engine,11.4,173.7,170.0
2024-11-29 18:03:42,219244000,55.833467,7.785283,Under way using engine,11.4,173.7,170.0
2024-11-29 18:03:43,219244000,55.833415,7.785308,Under way using engine,11.4,172.0,170.0
2024-11-29 18:03:43,219244000,55.833415,7.785308,Under way using engine,11.4,172.0,170.0
2024-11-29 18:03:51,219244000,55.833,7.785398,Under way using engine,11.3,171.1,170.0
2024-11-29 18:03:51,219244000,55.833,7.785398,Under way using engine,11.3,172.0,170.0
2024-11-29 18:03:58,219244000,55.833,7.785398,Under way using engine,11.3,172.0,170.0
2024-11-29 18:03:58,219244000,55.833,7.785398,Under way using engine,11.3,172.0,170.0
2024-11-29 18:04:02,219244000,55.832433,7.785533,Under way using engine,11.4,172.9,170.0
2024-11-29 18:04:02,219244000,55.832433,7.785533,Under way using engine,11.4,172.9,170.0
2024-11-29 18:04:05,219244000,55.832273,7.785588,Under way using engine,11.4,171.0,171.0
2024-11-29 18:04:05,219244000,55.832273,7.785588,Under way using engine,11.4,171.0,171.0
2024-11-29 18:04:05,219244000,55.832273,7.785588,Under way using engine,11.4,171.0,170.0
2024-11-29 18:04:06,219244000,55.832218,7.785597,Under way using engine,11.4,171.2,170.0
2024-11-29 18:04:06,219244000,55.832218,7.785597,Under way using engine,11.4,171.2,170.0
2024-11-29 18:04:13,219244000,55.831853,7.785693,Under way using engine,11.4,170.8,170.0
2024-11-29 18:04:13,219244000,55.831853,7.785693,Under way using engine,11.4,170.8,170.0
2024-11-29 18:04:17,219244000,55.83165,7.78574,Under way using engine,11.3,172.5,169.0
2024-11-29 18:04:17,219244000,55.83165,7.78574,Under way using engine,11.3,172.5,169.0
2024-11-29 18:04:17,219244000,55.83165,7.78574,Under way using engine,11.3,172.5,169.0
2024-11-29 18:04:21,219244000,55.831447,7.7858,Under way using engine,11.3,170.8,171.0
2024-11-29 18:04:22,219244000,55.831393,7.785807,Under way using engine,11.4,173.1,171.0
2024-11-29 18:04:22,219244000,55.831393,7.785807,Under way using engine,11.4,173.1,171.0
2024-11-29 18:04:25,219244000,55.83123,7.785853,Under way using engine,11.4,173.2,169.0
2024-11-29 18:04:25,219244000,55.83123,7.785853,Under way using engine,11.4,173.2,169.0
2024-11-29 18:04:26,219244000,55.831178,7.78588,Under way using engine,11.4,170.0,169.0
2024-11-29 18:04:26,219244000,55.831178,7.78588,Under way using engine,11.4,170.0,169.0
2024-11-29 18:04:30,219244000,55.830965,7.785915,Under way using engine,11.5,173.9,169.0
2024-11-29 18:04:30,219244000,55.830965,7.785915,Under way using engine,11.5,173.9,169.0
2024-11-29 18:04:37,219244000,55.83061,7.78603,Under way using engine,11.4,172.5,169.0
2024-11-29 18:04:37,219244000,55.83061,7.78603,Under way using engine,11.4,172.5,169.0
2024-11-29 18:04:49,219244000,55.829983,7.786195,Under way using engine,11.5,171.1,169.0
2024-11-29 18:04:50,219244000,55.82993,7.786207,Under way using engine,11.5,171.7,169.0
2024-11-29 18:04:50,219244000,55.82993,7.786207,Under way using engine,11.5,171.7,169.0
2024-11-29 18:04:53,219244000,55.829772,7.786258,Under way using engine,11.5,171.2,169.0
2024-11-29 18:04:53,219244000,55.829772,7.786258,Under way using engine,11.5,171.2,169.0
2024-11-29 18:04:59,219244000,55.829457,7.786338,Under way using engine,11.5,170.7,170.0
2024-11-29 18:04:59,219244000,55.829457,7.786338,Under way using engine,11.5,170.7,170.0
2024-11-29 18:05:02,219244000,55.8293,7.786383,Under way using engine,11.3,172.2,170.0
2024-11-29 18:05:02,219244000,55.8293,7.786383,Under way using engine,11.3,172.2,170.0
2024-11-29 18:05:04,219244000,55.829195,7.786407,Under way using engine,11.5,172.0,170.0
2024-11-29 18:05:04,219244000,55.829195,7.786407,Under way using engine,11.5,172.0,170.0
2024-11-29 18:05:07,219244000,55.82904,7.786448,Under way using engine,11.3,171.7,172.0
2024-11-29 18:05:07,219244000,55.82904,7.786448,Under way using engine,11.3,171.7,172.0
2024-11-29 18:05:11,219244000,55.828838,7.78649,Under way using engine,11.2,172.7,171.0
2024-11-29 18:05:13,219244000,55.828738,7.786525,Under way using engine,11.3,172.5,172.0
2024-11-29 18:05:13,219244000,55.828738,7.786525,Under way using engine,11.3,172.5,172.0
2024-11-29 18:05:16,219244000,55.828585,7.78654,Under way using engine,11.2,174.5,172.0
2024-11-29 18:05:16,219244000,55.828585,7.78654,Under way using engine,11.2,174.5,172.0
2024-11-29 18:05:18,219244000,55.828478,7.78657,Under way using engine,11.2,173.4,172.0
2024-11-29 18:05:18,219244000,55.828478,7.78657,Under way using engine,11.2,173.4,172.0
2024-11-29 18:05:20,219244000,55.828375,7.786603,Under way using engine,11.3,171.7,172.0
2024-11-29 18:05:20,219244000,55.828375,7.786603,Under way using engine,11.3,171.7,172.0
2024-11-29 18:05:28,219244000,55.827963,7.786698,Under way using engine,11.2,171.9,171.0
2024-11-29 18:05:28,219244000,55.827963,7.786698,Under way using engine,11.2,171.9,171.0
2024-11-29 18:05:29,219244000,55.827912,7.786707,Under way using engine,11.3,170.8,171.0
2024-11-29 18:05:29,219244000,55.827912,7.786707,Under way using engine,11.3,170.8,171.0
2024-11-29 18:05:42,219244000,55.827255,7.786872,Under way using engine,11.0,171.8,170.0
2024-11-29 18:05:44,219244000,55.827153,7.786903,Under way using engine,11.2,172.3,169.0
2024-11-29 18:05:44,219244000,55.827153,7.786903,Under way using engine,11.2,172.3,169.0
2024-11-29 18:05:54,219244000,55.826645,7.787037,Under way using engine,11.2,171.8,168.0
2024-11-29 18:05:54,219244000,55.826645,7.787037,Under way using engine,11.2,171.8,168.0
2024-11-29 18:06:03,219244000,55.826188,7.787162,Under way using engine,11.2,172.1,168.0
2024-11-29 18:06:03,219244000,55.826188,7.787162,Under way using engine,11.2,172.1,168.0
2024-11-29 18:06:04,219244000,55.826138,7.787185,Under way using engine,11.2,171.1,168.0
2024-11-29 18:06:04,219244000,55.826138,7.787185,Under way using engine,11.2,171.1,168.0
2024-11-29 18:06:04,219244000,55.826138,7.787185,Under way using engine,11.2,171.1,168.0
2024-11-29 18:06:07,219244000,55.825982,7.787208,Under way using engine,11.3,171.1,169.0
2024-11-29 18:06:07,219244000,55.825982,7.787208,Under way using engine,11.3,171.1,169.0
2024-11-29 18:06:09,219244000,55.825882,7.787255,Under way using engine,11.2,173.0,168.0
2024-11-29 18:06:09,219244000,55.825882,7.787255,Under way using engine,11.2,173.0,168.0
2024-11-29 18:06:12,219244000,55.825727,7.787302,Under way using engine,11.2,171.0,168.0
2024-11-29 18:06:18,219244000,55.825428,7.7874,Under way using engine,11.1,169.1,170.0
2024-11-29 18:06:18,219244000,55.825428,7.7874,Under way using engine,11.1,169.1,170.0
2024-11-29 18:06:20,219244000,55.82532,7.787412,Under way using engine,11.3,172.8,169.0
2024-11-29 18:06:20,219244000,55.82532,7.787412,Under way using engine,11.3,172.8,169.0
2024-11-29 18:06:24,219244000,55.825117,7.787495,Under way using engine,11.2,168.5,169.0
2024-11-29 18:06:26,219244000,55.825017,7.787508,Under way using engine,11.2,172.5,169.0
2024-11-29 18:06:26,219244000,55.825017,7.787508,Under way using engine,11.2,172.5,169.0
2024-11-29 18:06:31,219244000,55.82476,7.787585,Under way using engine,11.2,170.0,170.0
2024-11-29 18:06:34,219244000,55.824607,7.787622,Under way using engine,11.2,172.3,170.0
2024-11-29 18:06:34,219244000,55.824607,7.787622,Under way using engine,11.2,172.3,170.0
2024-11-29 18:06:36,219244000,55.824502,7.787647,Under way using engine,11.3,170.9,170.0
2024-11-29 18:06:36,219244000,55.824502,7.787647,Under way using engine,11.3,170.9,170.0
2024-11-29 18:06:39,219244000,55.824347,7.78769,Under way using engine,11.3,171.5,169.0
2024-11-29 18:06:39,219244000,55.824347,7.78769,Under way using engine,11.3,171.5,169.0
2024-11-29 18:06:46,219244000,55.823993,7.787783,Under way using engine,11.2,170.5,171.0
2024-11-29 18:06:46,219244000,55.823993,7.787783,Under way using engine,11.2,170.5,171.0
2024-11-29 18:06:53,219244000,55.823635,7.787878,Under way using engine,11.1,172.2,170.0
2024-11-29 18:06:53,219244000,55.823635,7.787878,Under way using engine,11.1,172.2,170.0
2024-11-29 18:06:57,219244000,55.823435,7.787947,Under way using engine,11.1,170.6,171.0
2024-11-29 18:06:57,219244000,55.823435,7.787947,Under way using engine,11.1,170.6,171.0
2024-11-29 18:07:00,219244000,55.823282,7.78796,Under way using engine,11.2,173.7,171.0
2024-11-29 18:07:00,219244000,55.823282,7.78796,Under way using engine,11.2,173.7,171.0
2024-11-29 18:07:03,219244000,55.82313,7.78802,Under way using engine,11.1,171.5,171.0
2024-11-29 18:07:14,219244000,55.822565,7.788153,Under way using engine,11.2,171.6,170.0
2024-11-29 18:07:14,219244000,55.822565,7.788153,Under way using engine,11.2,171.6,170.0
2024-11-29 18:07:24,219244000,55.822058,7.788295,Under way using engine,11.3,173.6,169.0
2024-11-29 18:07:24,219244000,55.822058,7.788295,Under way using engine,11.3,173.6,169.0
2024-11-29 18:07:24,219244000,55.822058,7.788295,Under way using engine,11.3,170.6,169.0
2024-11-29 18:07:25,219244000,55.822008,7.788322,Under way using engine,11.3,170.6,169.0
2024-11-29 18:07:25,219244000,55.822008,7.788322,Under way using engine,11.3,170.6,169.0
2024-11-29 18:07:33,219244000,55.821593,7.788425,Under way using engine,11.3,168.9,169.0
2024-11-29 18:07:33,219244000,55.821593,7.788425,Under way using engine,11.3,168.9,169.0
2024-11-29 18:07:34,219244000,55.82154,7.78843,Under way using engine,11.3,169.9,168.0
2024-11-29 18:07:34,219244000,55.82154,7.78843,Under way using engine,11.3,169.9,168.0
2024-11-29 18:07:36,219244000,55.821437,7.788453,Under way using engine,11.3,171.9,168.0
2024-11-29 18:07:36,219244000,55.821437,7.788453,Under way using engine,11.3,171.9,168.0
2024-11-29 18:07:42,219244000,55.821132,7.788547,Under way using engine,11.3,171.5,168.0
2024-11-29 18:07:53,219244000,55.820565,7.788728,Under way using engine,11.4,171.1,168.0
2024-11-29 18:07:53,219244000,55.820565,7.788728,Under way using engine,11.4,171.1,168.0
2024-11-29 18:07:56,219244000,55.820408,7.788795,Under way using engine,11.4,168.2,170.0
2024-11-29 18:07:56,219244000,55.820408,7.788795,Under way using engine,11.4,168.2,170.0
2024-11-29 18:07:56,219244000,55.820408,7.788795,Under way using engine,11.4,168.2,170.0
2024-11-29 18:08:03,219244000,55.820102,7.788875,Under way using engine,11.3,169.6,171.0
2024-11-29 18:08:03,219244000,55.820102,7.788875,Under way using engine,11.3,169.6,171.0
2024-11-29 18:08:07,219244000,55.81984,7.788937,Under way using engine,11.3,172.2,170.0
2024-11-29 18:08:07,219244000,55.81984,7.788937,Under way using engine,11.3,172.2,170.0
2024-11-29 18:08:10,219244000,55.819685,7.788962,Under way using engine,11.3,171.6,171.0
2024-11-29 18:08:10,219244000,55.819685,7.788962,Under way using engine,11.3,171.6,171.0
2024-11-29 18:08:14,219244000,55.819478,7.789018,Under way using engine,11.3,171.1,171.0
2024-11-29 18:08:14,219244000,55.819478,7.789018,Under way using engine,11.3,171.1,171.0
2024-11-29 18:08:16,219244000,55.819375,7.789045,Under way using engine,11.3,173.2,170.0
2024-11-29 18:08:16,219244000,55.819375,7.789045,Under way using engine,11.3,173.2,170.0
2024-11-29 18:08:20,219244000,55.819175,7.7891,Under way using engine,11.2,171.4,171.0
2024-11-29 18:08:20,219244000,55.819175,7.7891,Under way using engine,11.2,171.4,171.0
2024-11-29 18:08:20,219244000,55.819175,7.7891,Under way using engine,11.2,171.4,171.0
2024-11-29 18:08:33,219244000,55.818507,7.789267,Under way using engine,11.3,171.1,170.0
2024-11-29 18:08:33,219244000,55.818507,7.789267,Under way using engine,11.3,171.1,170.0
2024-11-29 18:08:42,219244000,55.818045,7.789382,Under way using engine,11.3,173.3,170.0
2024-11-29 18:08:42,219244000,55.818045,7.789382,Under way using engine,11.3,173.3,170.0
2024-11-29 18:08:42,219244000,55.818045,7.789382,Under way using engine,11.3,173.3,170.0
2024-11-29 18:08:46,219244000,55.817835,7.789432,Under way using engine,11.3,172.2,168.0
2024-11-29 18:08:46,219244000,55.817835,7.789432,Under way using engine,11.3,172.2,168.0
2024-11-29 18:08:49,219244000,55.81768,7.78946,Under way using engine,11.3,172.3,168.0
2024-11-29 18:08:49,219244000,55.81768,7.78946,Under way using engine,11.3,172.3,168.0
2024-11-29 18:08:53,219244000,55.817477,7.789525,Under way using engine,11.4,170.6,169.0
2024-11-29 18:08:53,219244000,55.817477,7.789525,Under way using engine,11.4,170.6,169.0
2024-11-29 18:08:56,219244000,55.817325,7.789583,Under way using engine,11.3,171.6,168.0
2024-11-29 18:08:56,219244000,55.817325,7.789583,Under way using engine,11.3,171.6,168.0
2024-11-29 18:08:56,219244000,55.817325,7.789583,Under way using engine,11.3,171.6,168.0
2024-11-29 18:08:59,219244000,55.81717,7.789623,Under way using engine,11.4,170.3,169.0
2024-11-29 18:08:59,219244000,55.81717,7.789623,Under way using engine,11.4,170.3,169.0
2024-11-29 18:09:00,219244000,55.817118,7.789637,Under way using engine,11.4,171.9,169.0
2024-11-29 18:09:00,219244000,55.817118,7.789637,Under way using engine,11.4,171.9,169.0
2024-11-29 18:09:02,219244000,55.817015,7.789682,Under way using engine,11.3,171.4,168.0
2024-11-29 18:09:02,219244000,55.817015,7.789682,Under way using engine,11.3,171.4,168.0
2024-11-29 18:09:02,219244000,55.817015,7.789682,Under way using engine,11.3,171.4,168.0
2024-11-29 18:09:05,219244000,55.816865,7.789715,Under way using engine,11.3,171.9,169.0
2024-11-29 18:09:07,219244000,55.816765,7.789748,Under way using engine,11.3,172.4,168.0
2024-11-29 18:09:07,219244000,55.816765,7.789748,Under way using engine,11.3,172.4,168.0
2024-11-29 18:09:08,219244000,55.816717,7.789778,Under way using engine,11.3,170.7,168.0
2024-11-29 18:09:08,219244000,55.816717,7.789778,Under way using engine,11.3,170.7,168.0
2024-11-29 18:09:12,219244000,55.816507,7.789827,Under way using engine,11.3,172.1,168.0
2024-11-29 18:09:12,219244000,55.816507,7.789827,Under way using engine,11.3,172.1,168.0
2024-11-29 18:09:16,219244000,55.816295,7.789895,Under way using engine,11.4,169.9,169.0
2024-11-29 18:09:16,219244000,55.816295,7.789895,Under way using engine,11.4,169.9,169.0
2024-11-29 18:09:16,219244000,55.816295,7.789895,Under way using engine,11.4,171.0,169.0
2024-11-29 18:09:19,219244000,55.816138,7.789947,Under way using engine,11.5,171.3,168.0
2024-11-29 18:09:19,219244000,55.816138,7.789947,Under way using engine,11.5,171.3,168.0
2024-11-29 18:09:20,219244000,55.816087,7.789972,Under way using engine,11.5,170.1,168.0
2024-11-29 18:09:20,219244000,55.816087,7.789972,Under way using engine,11.5,170.1,168.0
2024-11-29 18:09:22,219244000,55.81598,7.789997,Under way using engine,11.5,168.7,169.0
2024-11-29 18:09:23,219244000,55.815927,7.789998,Under way using engine,11.5,170.0,169.0
2024-11-29 18:09:23,219244000,55.815927,7.789998,Under way using engine,11.5,170.0,169.0
2024-11-29 18:09:25,219244000,55.815825,7.790028,Under way using engine,11.4,172.2,169.0
2024-11-29 18:09:25,219244000,55.815825,7.790028,Under way using engine,11.4,172.2,169.0
2024-11-29 18:09:33,219244000,55.815413,7.790152,Under way using engine,11.4,170.8,169.0
2024-11-29 18:09:33,219244000,55.815413,7.790152,Under way using engine,11.4,170.8,169.0
2024-11-29 18:09:43,219244000,55.814892,7.790282,Under way using engine,11.6,172.3,170.0
2024-11-29 18:09:43,219244000,55.814892,7.790282,Under way using engine,11.6,172.3,170.0
2024-11-29 18:09:53,219244000,55.814367,7.790427,Under way using engine,11.6,171.3,170.0
2024-11-29 18:09:53,219244000,55.814367,7.790427,Under way using engine,11.6,171.3,170.0
2024-11-29 18:09:58,219244000,55.814093,7.790502,Under way using engine,11.7,170.4,170.0
2024-11-29 18:09:58,219244000,55.814093,7.790502,Under way using engine,11.7,170.4,170.0
2024-11-29 18:10:02,219244000,55.813877,7.790532,Under way using engine,11.7,173.6,170.0
2024-11-29 18:10:02,219244000,55.813877,7.790532,Under way using engine,11.7,173.6,170.0
2024-11-29 18:10:03,219244000,55.813822,7.79055,Under way using engine,11.7,174.1,170.0
2024-11-29 18:10:03,219244000,55.813822,7.79055,Under way using engine,11.7,174.1,170.0
2024-11-29 18:10:06,219244000,55.813662,7.79061,Under way using engine,11.7,170.3,169.0
2024-11-29 18:10:06,219244000,55.813662,7.79061,Under way using engine,11.7,170.3,169.0
2024-11-29 18:10:06,219244000,55.813662,7.79061,Under way using engine,11.7,170.3,169.0
2024-11-29 18:10:10,219244000,55.81345,7.790652,Under way using engine,11.6,172.4,169.0
2024-11-29 18:10:12,219244000,55.813343,7.790685,Under way using engine,11.6,171.6,169.0
2024-11-29 18:10:12,219244000,55.813343,7.790685,Under way using engine,11.6,171.6,169.0
2024-11-29 18:10:13,219244000,55.813292,7.790703,Under way using engine,11.6,171.3,169.0
2024-11-29 18:10:16,219244000,55.813127,7.790737,Under way using engine,11.7,173.0,169.0
2024-11-29 18:10:16,219244000,55.813127,7.790737,Under way using engine,11.7,173.0,169.0
2024-11-29 18:10:21,219244000,55.812853,7.790822,Under way using engine,11.8,169.4,171.0
2024-11-29 18:10:21,219244000,55.812853,7.790822,Under way using engine,11.8,169.4,171.0
2024-11-29 18:10:22,219244000,55.812798,7.79082,Under way using engine,11.8,170.4,170.0
2024-11-29 18:10:22,219244000,55.812798,7.79082,Under way using engine,11.8,170.4,170.0
2024-11-29 18:10:24,219244000,55.812692,7.790842,Under way using engine,11.8,174.0,169.0
2024-11-29 18:10:24,219244000,55.812692,7.790842,Under way using engine,11.8,174.0,169.0
2024-11-29 18:10:25,219244000,55.812642,7.790867,Under way using engine,11.8,170.7,169.0
2024-11-29 18:10:26,219244000,55.812642,7.790867,Under way using engine,11.8,170.7,169.0
2024-11-29 18:10:33,219244000,55.812225,7.79097,Under way using engine,11.6,171.9,170.0
2024-11-29 18:10:33,219244000,55.812225,7.79097,Under way using engine,11.6,171.9,170.0
2024-11-29 18:10:35,219244000,55.81212,7.790998,Under way using engine,11.6,173.1,169.0
2024-11-29 18:10:35,219244000,55.81212,7.790998,Under way using engine,11.6,173.1,169.0
2024-11-29 18:10:39,219244000,55.811903,7.791048,Under way using engine,11.6,171.4,170.0
2024-11-29 18:10:39,219244000,55.811903,7.791048,Under way using engine,11.6,171.4,170.0
2024-11-29 18:10:39,219244000,55.811903,7.791048,Under way using engine,11.6,173.8,170.0
2024-11-29 18:10:43,219244000,55.811693,7.79112,Under way using engine,11.6,170.8,170.0
2024-11-29 18:10:43,219244000,55.811693,7.79112,Under way using engine,11.6,170.8,170.0
2024-11-29 18:10:49,219244000,55.811382,7.791193,Under way using engine,11.5,172.4,171.0
2024-11-29 18:10:49,219244000,55.811382,7.791193,Under way using engine,11.5,172.4,171.0
2024-11-29 18:10:50,219244000,55.811328,7.79121,Under way using engine,11.5,171.5,171.0
2024-11-29 18:10:50,219244000,55.811328,7.79121,Under way using engine,11.5,171.5,171.0
2024-11-29 18:10:53,219244000,55.81117,7.791237,Under way using engine,11.5,172.2,170.0
2024-11-29 18:10:53,219244000,55.81117,7.791237,Under way using engine,11.5,172.2,170.0
2024-11-29 18:10:57,219244000,55.810962,7.791302,Under way using engine,11.5,171.0,171.0
2024-11-29 18:10:57,219244000,55.810962,7.791302,Under way using engine,11.5,171.0,171.0
2024-11-29 18:11:02,219244000,55.81069,7.791358,Under way using engine,11.6,172.7,170.0
2024-11-29 18:11:02,219244000,55.81069,7.791358,Under way using engine,11.6,172.7,170.0
2024-11-29 18:11:02,219244000,55.81069,7.791358,Under way using engine,11.6,171.9,169.0
2024-11-29 18:11:12,219244000,55.81017,7.791487,Under way using engine,11.6,171.7,170.0
2024-11-29 18:11:12,219244000,55.81017,7.791487,Under way using engine,11.6,171.7,170.0
2024-11-29 18:11:13,219244000,55.810118,7.791498,Under way using engine,11.5,172.5,170.0
2024-11-29 18:11:13,219244000,55.810118,7.791498,Under way using engine,11.5,172.5,170.0
2024-11-29 18:11:13,219244000,55.810118,7.791498,Under way using engine,11.5,172.5,170.0
2024-11-29 18:11:16,219244000,55.809957,7.791542,Under way using engine,11.7,171.6,171.0
2024-11-29 18:11:16,219244000,55.809957,7.791542,Under way using engine,11.7,171.6,171.0
2024-11-29 18:11:18,219244000,55.80985,7.791565,Under way using engine,11.6,173.0,170.0
2024-11-29 18:11:18,219244000,55.80985,7.791565,Under way using engine,11.6,173.0,170.0
2024-11-29 18:11:20,219244000,55.809743,7.791598,Under way using engine,11.6,171.3,172.0
2024-11-29 18:11:20,219244000,55.809743,7.791598,Under way using engine,11.6,171.3,172.0
2024-11-29 18:11:21,219244000,55.809692,7.791607,Under way using engine,11.6,172.4,171.0
2024-11-29 18:11:21,219244000,55.809692,7.791607,Under way using engine,11.6,172.4,171.0
2024-11-29 18:11:23,219244000,55.809592,7.79163,Under way using engine,11.4,172.7,170.0
2024-11-29 18:11:23,219244000,55.809592,7.79163,Under way using engine,11.4,172.7,170.0
2024-11-29 18:11:32,219244000,55.809118,7.791733,Under way using engine,11.4,172.3,170.0
2024-11-29 18:11:32,219244000,55.809118,7.791733,Under way using engine,11.4,172.3,170.0
2024-11-29 18:11:35,219244000,55.808963,7.791792,Under way using engine,11.5,172.7,170.0
2024-11-29 18:11:35,219244000,55.808963,7.791792,Under way using engine,11.5,172.7,170.0
2024-11-29 18:11:35,219244000,55.808963,7.791792,Under way using engine,11.5,172.7,170.0
2024-11-29 18:11:43,219244000,55.808543,7.79189,Under way using engine,11.5,169.3,169.0
2024-11-29 18:11:43,219244000,55.808543,7.79189,Under way using engine,11.5,169.3,169.0
2024-11-29 18:11:44,219244000,55.80849,7.79189,Under way using engine,11.5,171.4,169.0
2024-11-29 18:11:44,219244000,55.80849,7.79189,Under way using engine,11.5,171.4,169.0
2024-11-29 18:11:48,219244000,55.808288,7.791968,Under way using engine,11.3,169.6,171.0
2024-11-29 18:11:48,219244000,55.808288,7.791968,Under way using engine,11.3,169.6,171.0
2024-11-29 18:11:50,219244000,55.808187,7.791975,Under way using engine,11.1,172.3,171.0
2024-11-29 18:11:52,219244000,55.808087,7.792015,Under way using engine,11.2,171.7,170.0
2024-11-29 18:11:52,219244000,55.808087,7.792015,Under way using engine,11.2,171.7,170.0
2024-11-29 18:11:53,219244000,55.808037,7.792042,Under way using engine,11.2,171.7,170.0
2024-11-29 18:11:53,219244000,55.808037,7.792042,Under way using engine,11.2,171.7,170.0
2024-11-29 18:11:55,219244000,55.807933,7.792067,Under way using engine,11.1,170.8,171.0
2024-11-29 18:11:55,219244000,55.807933,7.792067,Under way using engine,11.1,170.8,171.0
2024-11-29 18:11:58,219244000,55.807783,7.792095,Under way using engine,11.1,173.6,169.0
2024-11-29 18:11:58,219244000,55.807783,7.792095,Under way using engine,11.1,173.6,169.0
2024-11-29 18:12:00,219244000,55.807683,7.792137,Under way using engine,11.1,170.3,171.0
2024-11-29 18:12:00,219244000,55.807683,7.792137,Under way using engine,11.1,170.3,171.0
2024-11-29 18:12:01,219244000,55.807632,7.792142,Under way using engine,11.2,170.2,171.0
2024-11-29 18:12:01,219244000,55.807632,7.792142,Under way using engine,11.2,170.2,171.0
2024-11-29 18:12:04,219244000,55.80748,7.792187,Under way using engine,11.1,172.4,169.0
2024-11-29 18:12:04,219244000,55.80748,7.792187,Under way using engine,11.1,172.4,169.0
2024-11-29 18:12:06,219244000,55.807377,7.792218,Under way using engine,11.3,170.1,169.0
2024-11-29 18:12:06,219244000,55.807377,7.792218,Under way using engine,11.3,170.1,169.0
2024-11-29 18:12:09,219244000,55.807228,7.792263,Under way using engine,11.1,171.3,169.0
2024-11-29 18:12:09,219244000,55.807228,7.792263,Under way using engine,11.1,171.3,169.0
2024-11-29 18:12:12,219244000,55.807077,7.79229,Under way using engine,11.1,171.7,169.0
2024-11-29 18:12:12,219244000,55.807077,7.79229,Under way using engine,11.1,171.7,169.0
2024-11-29 18:12:20,219244000,55.806728,7.792398,Under way using engine,11.0,170.6,171.0
2024-11-29 18:12:20,219244000,55.806728,7.792398,Under way using engine,11.0,170.6,171.0
2024-11-29 18:12:20,219244000,55.806678,7.792415,Under way using engine,11.0,170.6,172.0
2024-11-29 18:12:25,219244000,55.806427,7.792475,Under way using engine,11.0,172.6,171.0
2024-11-29 18:12:25,219244000,55.806427,7.792475,Under way using engine,11.0,172.6,171.0
2024-11-29 18:12:27,219244000,55.806377,7.792492,Under way using engine,11.1,169.7,172.0
2024-11-29 18:12:27,219244000,55.806377,7.792492,Under way using engine,11.1,169.7,172.0
2024-11-29 18:12:32,219244000,55.806078,7.79256,Under way using engine,11.0,170.1,171.0
2024-11-29 18:12:32,219244000,55.806078,7.79256,Under way using engine,11.0,170.1,171.0
2024-11-29 18:12:37,219244000,55.80583,7.792622,Under way using engine,10.8,170.8,172.0
2024-11-29 18:12:40,219244000,55.805682,7.79264,Under way using engine,10.8,173.0,171.0
2024-11-29 18:12:40,219244000,55.805682,7.79264,Under way using engine,10.8,173.0,171.0
2024-11-29 18:12:41,219244000,55.805632,7.792653,Under way using engine,10.9,173.6,171.0
2024-11-29 18:12:41,219244000,55.805632,7.792653,Under way using engine,10.9,173.6,171.0
2024-11-29 18:12:43,219244000,55.805532,7.792688,Under way using engine,10.9,172.5,172.0
2024-11-29 18:12:43,219244000,55.805532,7.792688,Under way using engine,10.9,172.5,172.0
2024-11-29 18:12:44,219244000,55.805482,7.792698,Under way using engine,10.9,171.5,172.0
2024-11-29 18:12:44,219244000,55.805482,7.792698,Under way using engine,10.9,171.5,172.0
2024-11-29 18:12:46,219244000,55.805383,7.792708,Under way using engine,10.8,173.3,171.0
2024-11-29 18:12:46,219244000,55.805383,7.792708,Under way using engine,10.8,173.3,171.0
2024-11-29 18:12:47,219244000,55.805332,7.792723,Under way using engine,10.8,174.1,171.0
2024-11-29 18:12:47,219244000,55.805332,7.792723,Under way using engine,10.8,174.1,171.0
2024-11-29 18:12:50,219244000,55.805183,7.792768,Under way using engine,10.9,172.0,170.0
2024-11-29 18:12:50,219244000,55.805183,7.792768,Under way using engine,10.9,172.0,170.0
2024-11-29 18:12:52,219244000,55.805083,7.792785,Under way using engine,10.9,173.3,170.0
2024-11-29 18:12:52,219244000,55.805083,7.792785,Under way using engine,10.9,173.3,170.0
2024-11-29 18:12:56,219244000,55.804883,7.792848,Under way using engine,10.9,171.3,169.0
2024-11-29 18:12:56,219244000,55.804883,7.792848,Under way using engine,10.9,171.3,169.0
2024-11-29 18:12:59,219244000,55.804733,7.79289,Under way using engine,11.0,173.1,168.0
2024-11-29 18:12:59,219244000,55.804733,7.79289,Under way using engine,11.0,173.1,168.0
2024-11-29 18:13:04,219244000,55.804488,7.792967,Under way using engine,10.9,171.7,168.0
2024-11-29 18:13:04,219244000,55.804488,7.792967,Under way using engine,10.9,171.7,168.0
2024-11-29 18:13:07,219244000,55.804342,7.793013,Under way using engine,10.9,169.8,168.0
2024-11-29 18:13:13,219244000,55.804048,7.793112,Under way using engine,10.8,168.9,169.0
2024-11-29 18:13:13,219244000,55.804048,7.793112,Under way using engine,10.8,168.9,169.0
2024-11-29 18:13:23,219244000,55.803553,7.793263,Under way using engine,10.8,171.9,168.0
2024-11-29 18:13:23,219244000,55.803553,7.793263,Under way using engine,10.8,171.9,168.0
2024-11-29 18:13:26,219244000,55.80341,7.793315,Under way using engine,10.8,167.9,169.0
2024-11-29 18:13:28,219244000,55.803308,7.793332,Under way using engine,10.8,171.7,170.0
2024-11-29 18:13:28,219244000,55.803308,7.793332,Under way using engine,10.8,171.7,170.0
2024-11-29 18:13:30,219244000,55.803212,7.79337,Under way using engine,10.8,171.4,169.0
2024-11-29 18:13:30,219244000,55.803212,7.79337,Under way using engine,10.8,171.4,169.0
2024-11-29 18:13:32,219244000,55.803118,7.793418,Under way using engine,11.0,168.1,169.0
2024-11-29 18:13:32,219244000,55.803118,7.793418,Under way using engine,11.0,168.1,169.0
2024-11-29 18:13:35,219244000,55.80297,7.793423,Under way using engine,10.7,173.8,170.0
2024-11-29 18:13:36,219244000,55.802922,7.793438,Under way using engine,10.7,173.0,171.0
2024-11-29 18:13:36,219244000,55.802922,7.793438,Under way using engine,10.7,173.0,171.0
2024-11-29 18:13:43,219244000,55.802578,7.793528,Under way using engine,10.7,173.4,170.0
2024-11-29 18:13:43,219244000,55.802578,7.793528,Under way using engine,10.7,173.4,170.0
2024-11-29 18:13:45,219244000,55.802483,7.793588,Under way using engine,10.7,169.8,171.0
2024-11-29 18:13:45,219244000,55.802483,7.793588,Under way using engine,10.7,169.8,171.0
2024-11-29 18:13:46,219244000,55.802483,7.793588,Under way using engine,10.7,167.9,171.0
2024-11-29 18:13:46,219244000,55.802483,7.793588,Under way using engine,10.7,167.9,171.0
2024-11-29 18:13:52,219244000,55.802142,7.793663,Under way using engine,10.7,171.0,170.0
2024-11-29 18:13:52,219244000,55.802142,7.793663,Under way using engine,10.7,171.0,170.0
2024-11-29 18:13:52,219244000,55.802142,7.793663,Under way using engine,10.7,170.8,170.0
2024-11-29 18:13:56,219244000,55.801947,7.793703,Under way using engine,10.7,172.4,171.0
2024-11-29 18:13:56,219244000,55.801947,7.793703,Under way using engine,10.7,172.4,171.0
2024-11-29 18:13:59,219244000,55.801803,7.793765,Under way using engine,10.6,170.2,169.0
2024-11-29 18:13:59,219244000,55.801803,7.793765,Under way using engine,10.6,170.2,169.0
2024-11-29 18:14:00,219244000,55.801753,7.793778,Under way using engine,10.7,169.1,170.0
2024-11-29 18:14:03,219244000,55.801605,7.79379,Under way using engine,10.7,173.6,170.0
2024-11-29 18:14:03,219244000,55.801605,7.79379,Under way using engine,10.7,173.6,170.0
2024-11-29 18:14:08,219244000,55.801362,7.793873,Under way using engine,10.7,169.5,169.0
2024-11-29 18:14:08,219244000,55.801362,7.793873,Under way using engine,10.7,169.5,169.0
2024-11-29 18:14:13,219244000,55.801117,7.793962,Under way using engine,10.7,168.5,169.0
2024-11-29 18:14:13,219244000,55.801117,7.793962,Under way using engine,10.7,168.5,169.0
2024-11-29 18:14:19,219244000,55.800825,7.794042,Under way using engine,10.8,170.4,170.0
2024-11-29 18:14:19,219244000,55.800825,7.794042,Under way using engine,10.8,170.4,170.0
2024-11-29 18:14:30,219244000,55.800287,7.79417,Under way using engine,10.7,173.6,168.0
2024-11-29 18:14:30,219244000,55.800287,7.79417,Under way using engine,10.7,173.6,168.0
2024-11-29 18:14:32,219244000,55.800192,7.794222,Under way using engine,10.7,170.1,169.0
2024-11-29 18:14:32,219244000,55.800192,7.794222,Under way using engine,10.7,170.1,169.0
2024-11-29 18:14:34,219244000,55.800092,7.794235,Under way using engine,10.8,169.8,169.0
2024-11-29 18:14:34,219244000,55.800092,7.794235,Under way using engine,10.8,169.8,169.0
2024-11-29 18:14:35,219244000,55.800043,7.794243,Under way using engine,10.7,172.7,168.0
2024-11-29 18:14:35,219244000,55.800043,7.794243,Under way using engine,10.7,172.7,168.0
2024-11-29 18:14:37,219244000,55.799945,7.794287,Under way using engine,10.7,171.8,168.0
2024-11-29 18:14:37,219244000,55.799945,7.794287,Under way using engine,10.7,171.8,168.0
2024-11-29 18:14:40,219244000,55.799847,7.794317,Under way using engine,10.9,170.3,169.0
2024-11-29 18:14:40,219244000,55.799847,7.794317,Under way using engine,10.9,170.3,169.0
2024-11-29 18:14:43,219244000,55.79965,7.794395,Under way using engine,10.9,167.4,168.0
2024-11-29 18:14:43,219244000,55.79965,7.794395,Under way using engine,10.9,167.4,168.0
2024-11-29 18:14:45,219244000,55.799553,7.794412,Under way using engine,10.9,167.9,167.0
2024-11-29 18:14:45,219244000,55.799553,7.794412,Under way using engine,10.9,167.9,167.0
2024-11-29 18:14:47,219244000,55.799453,7.794433,Under way using engine,10.8,172.2,168.0
2024-11-29 18:14:47,219244000,55.799453,7.794433,Under way using engine,10.8,172.2,168.0
2024-11-29 18:14:49,219244000,55.799362,7.79449,Under way using engine,10.8,168.9,170.0
2024-11-29 18:14:49,219244000,55.799362,7.79449,Under way using engine,10.8,168.9,170.0
2024-11-29 18:14:56,219244000,55.799022,7.794588,Under way using engine,10.7,169.5,169.0
2024-11-29 18:14:56,219244000,55.799022,7.794588,Under way using engine,10.7,169.5,169.0
2024-11-29 18:14:57,219244000,55.798973,7.7946,Under way using engine,10.6,167.9,171.0
2024-11-29 18:14:59,219244000,55.79887,7.794593,Under way using engine,10.6,171.8,171.0
2024-11-29 18:14:59,219244000,55.79887,7.794593,Under way using engine,10.6,171.8,171.0
2024-11-29 18:15:00,219244000,55.798822,7.794607,Under way using engine,10.7,174.2,171.0
2024-11-29 18:15:00,219244000,55.798822,7.794607,Under way using engine,10.7,174.2,171.0
2024-11-29 18:15:03,219244000,55.79868,7.794683,Under way using engine,10.7,169.1,171.0
